{
    "accuracy": 0.8360655737704918,
    "precision": 0.7804878048780488,
    "recall": 0.9696969696969697,
    "f1_score": 0.8648648648648649,
    "roc_auc": 0.9090909090909092
}